<?xml version="1.0" encoding="UTF-8"?>
<!DOCTYPE hibernate-mapping PUBLIC "-//Hibernate/Hibernate Mapping DTD 3.0//EN" "http://hibernate.sourceforge.net/hibernate-mapping-3.0.dtd">

<hibernate-mapping default-cascade="none" default-access="property" default-lazy="true" auto-import="true">
  <class name="com.ternwit.tms.entity.Category" table="categories" catalog="tms2th" mutable="true" polymorphism="implicit" dynamic-update="false" dynamic-insert="false" select-before-update="false" optimistic-lock="version">
    <id name="categoryId" type="java.lang.Long">
      <column name="category_id"/>
      <!-- <generator class="native"></generator> -->
    </id>
    <property name="categoryCode" type="java.lang.String" unique="false" optimistic-lock="true" lazy="false" generated="never">
      <column name="category_code" length="50" not-null="true"/>
    </property>
    <property name="categoryDesc" type="java.lang.String" unique="false" optimistic-lock="true" lazy="false" generated="never">
      <column name="category_desc" not-null="true"/>
    </property>
    <property name="startDate" type="java.util.Date" unique="false" optimistic-lock="true" lazy="false" generated="never">
      <column name="start_date" length="10"/>
    </property>
    <property name="endDate" type="java.util.Date" unique="false" optimistic-lock="true" lazy="false" generated="never">
      <column name="end_date" length="10"/>
    </property>
    <property name="lastUpdateDate" type="java.sql.Timestamp" unique="false" optimistic-lock="true" lazy="false" generated="never">
      <column name="last_update_date" length="19"/>
    </property>
    <many-to-one name="languageType" class="com.ternwit.tms.entity.LanguageType" column="lang_id" unique="false" update="true" insert="true" optimistic-lock="true" not-found="exception" embed-xml="true"/>
  </class>
</hibernate-mapping>
