<?xml version="1.0" encoding="UTF-8"?>
<!DOCTYPE hibernate-mapping PUBLIC "-//Hibernate/Hibernate Mapping DTD 3.0//EN" "http://hibernate.sourceforge.net/hibernate-mapping-3.0.dtd">

<hibernate-mapping default-cascade="none" default-access="property" default-lazy="true" auto-import="true">
  <class name="com.ternwit.tms.entity.ChargeCode" table="charge_codes" catalog="tms2th" mutable="true" polymorphism="implicit" dynamic-update="false" dynamic-insert="false" select-before-update="false" optimistic-lock="version">
    <id name="chargeCodeId" type="java.lang.Long">
      <column name="charge_code_id"/>
      <generator class="native"/>
    </id>
    <property name="chargeCode" type="java.lang.String" unique="false" optimistic-lock="true" lazy="false" generated="never">
      <column name="charge_code" length="50" not-null="true"/>
    </property>
    <property name="chargeCodeDesc" type="java.lang.String" unique="false" optimistic-lock="true" lazy="false" generated="never">
      <column name="charge_code_desc" not-null="true"/>
    </property>
    <property name="startDate" type="java.util.Date" unique="false" optimistic-lock="true" lazy="false" generated="never">
      <column name="start_date" length="10"/>
    </property>
    <property name="endDate" type="java.util.Date" unique="false" optimistic-lock="true" lazy="false" generated="never">
      <column name="end_date" length="10"/>
    </property>
    <property name="lastUpdateDate" type="java.sql.Timestamp" unique="false" optimistic-lock="true" lazy="false" generated="never">
      <column name="last_update_date" length="19"/>
    </property>
  </class>
</hibernate-mapping>
