<?xml version="1.0" encoding="utf-8"?>
<!DOCTYPE hibernate-mapping PUBLIC "-//Hibernate/Hibernate Mapping DTD 3.0//EN"
"http://hibernate.sourceforge.net/hibernate-mapping-3.0.dtd">
<hibernate-mapping>
	<class name="com.ternwit.tms.entity.CommonCode" table="common_codes"
		catalog="tms2dev">
		<id name="commonCodeId" type="java.lang.Long">
			<column name="common_code_id" />
			<generator class="native"></generator>
		</id>
		<property name="commonCode" type="java.lang.String">
			<column name="common_code" length="50" not-null="true" />
		</property>
		<property name="commonCodeDesc" type="java.lang.String">
			<column name="common_code_desc" not-null="true" />
		</property>
		<property name="startDate" type="java.util.Date">
			<column name="start_date" length="10" />
		</property>
		<property name="endDate" type="java.util.Date">
			<column name="end_date" length="10" />
		</property>
		<property name="lastUpdateDate" type="java.sql.Timestamp">
			<column name="last_update_date" length="19" />
		</property>
	</class>
</hibernate-mapping>
