-- LANGUAGE_TYPES
INSERT INTO LANGUAGE_TYPES VALUES (DEFAULT, 'en_US', 'English', DEFAULT);
INSERT INTO LANGUAGE_TYPES VALUES (DEFAULT, 'zh_CN', '中文', DEFAULT);


-- CATEGORY
INSERT INTO CATEGORIES VALUES (DEFAULT, 'CLIENT', 'Client Project', '100', DEFAULT, DEFAULT, DEFAULT);
INSERT INTO CATEGORIES VALUES (DEFAULT, 'BILLABLE', 'Billable Project', '100', DEFAULT, DEFAULT, DEFAULT);
INSERT INTO CATEGORIES VALUES (DEFAULT, 'INTERNAL', 'Internal Project', '100', DEFAULT, DEFAULT, DEFAULT);

INSERT INTO CATEGORIES VALUES (DEFAULT, '客户项目', '客户项目', '101', DEFAULT, DEFAULT, DEFAULT);
INSERT INTO CATEGORIES VALUES (DEFAULT, '付费项目', '付费项目', '101', DEFAULT, DEFAULT, DEFAULT);
INSERT INTO CATEGORIES VALUES (DEFAULT, '内部项目', '内部项目', '101', DEFAULT, DEFAULT, DEFAULT);


-- PROJECT_STATUS
INSERT INTO PROJECT_STATUS VALUES (DEFAULT, 'All', 'All status', '100', DEFAULT, DEFAULT, DEFAULT);
INSERT INTO PROJECT_STATUS VALUES (DEFAULT, 'Applying', 'Applying status', '100', DEFAULT, DEFAULT, DEFAULT);
INSERT INTO PROJECT_STATUS VALUES (DEFAULT, 'Approved', 'Approved status', '100', DEFAULT, DEFAULT, DEFAULT);
INSERT INTO PROJECT_STATUS VALUES (DEFAULT, 'Rejected', 'Rejected status', '100', DEFAULT, DEFAULT, DEFAULT);
INSERT INTO PROJECT_STATUS VALUES (DEFAULT, 'Generated', 'Generated status', '100', DEFAULT, DEFAULT, DEFAULT);
INSERT INTO PROJECT_STATUS VALUES (DEFAULT, 'Developing', 'Developing status', '100', DEFAULT, DEFAULT, DEFAULT);
INSERT INTO PROJECT_STATUS VALUES (DEFAULT, 'Finished', 'Finished status', '100', DEFAULT, DEFAULT, DEFAULT);


INSERT INTO PROJECT_STATUS VALUES (DEFAULT, '查看所有', '查看所有项目', '101', DEFAULT, DEFAULT, DEFAULT);
INSERT INTO PROJECT_STATUS VALUES (DEFAULT, '申请中', '查看申请中的项目', '101', DEFAULT, DEFAULT, DEFAULT);
INSERT INTO PROJECT_STATUS VALUES (DEFAULT, '已批准', '查看已批准的项目', '101', DEFAULT, DEFAULT, DEFAULT);
INSERT INTO PROJECT_STATUS VALUES (DEFAULT, '被驳回', '查看被驳回的项目', '101', DEFAULT, DEFAULT, DEFAULT);
INSERT INTO PROJECT_STATUS VALUES (DEFAULT, '已生成', '查看已生成的项目', '101', DEFAULT, DEFAULT, DEFAULT);
INSERT INTO PROJECT_STATUS VALUES (DEFAULT, '开发中', '查看开发中的项目', '101', DEFAULT, DEFAULT, DEFAULT);
INSERT INTO PROJECT_STATUS VALUES (DEFAULT, '已结束', '查看已结束的项目', '101', DEFAULT, DEFAULT, DEFAULT);



-- USER_CLAIM_STATUS
INSERT INTO USER_CLAIM_STATUS VALUES (DEFAULT, 'All', 'All status', '100', DEFAULT, DEFAULT, DEFAULT);
INSERT INTO USER_CLAIM_STATUS VALUES (DEFAULT, 'Filled', 'Filled in status', '100', DEFAULT, DEFAULT, DEFAULT);
INSERT INTO USER_CLAIM_STATUS VALUES (DEFAULT, 'Applying', 'Applying status', '100', DEFAULT, DEFAULT, DEFAULT);
INSERT INTO USER_CLAIM_STATUS VALUES (DEFAULT, 'Pre-Approved', 'Pre-Approved status', '100', DEFAULT, DEFAULT, DEFAULT);
INSERT INTO USER_CLAIM_STATUS VALUES (DEFAULT, 'Approved', 'Approved status', '100', DEFAULT, DEFAULT, DEFAULT);
INSERT INTO USER_CLAIM_STATUS VALUES (DEFAULT, 'Rejected', 'Rejected status', '100', DEFAULT, DEFAULT, DEFAULT);

INSERT INTO USER_CLAIM_STATUS VALUES (DEFAULT, '查看所有', '查看所有用户提交', '101', DEFAULT, DEFAULT, DEFAULT);
INSERT INTO USER_CLAIM_STATUS VALUES (DEFAULT, '已保存', '查看已保存的用户提交', '101', DEFAULT, DEFAULT, DEFAULT);
INSERT INTO USER_CLAIM_STATUS VALUES (DEFAULT, '申请中', '查看申请中的用户提交', '101', DEFAULT, DEFAULT, DEFAULT);
INSERT INTO USER_CLAIM_STATUS VALUES (DEFAULT, '预批准', '查看预批准的用户提交', '101', DEFAULT, DEFAULT, DEFAULT);
INSERT INTO USER_CLAIM_STATUS VALUES (DEFAULT, '已批准', '查看已批准的用户提交', '101', DEFAULT, DEFAULT, DEFAULT);
INSERT INTO USER_CLAIM_STATUS VALUES (DEFAULT, '被驳回', '查看被驳回的用户提交', '101', DEFAULT, DEFAULT, DEFAULT);


-- TASK_STATUS
INSERT INTO TASK_STATUS VALUES (DEFAULT, 'All', 'All status', '100', DEFAULT, DEFAULT, DEFAULT);
INSERT INTO TASK_STATUS VALUES (DEFAULT, 'Generated', 'Generated status', '100', DEFAULT, DEFAULT, DEFAULT);
INSERT INTO TASK_STATUS VALUES (DEFAULT, 'Developing', 'Developing status', '100', DEFAULT, DEFAULT, DEFAULT);
INSERT INTO TASK_STATUS VALUES (DEFAULT, 'Finished', 'Finished status', '100', DEFAULT, DEFAULT, DEFAULT);

INSERT INTO TASK_STATUS VALUES (DEFAULT, '查看所有', '查看所有项目', '101', DEFAULT, DEFAULT, DEFAULT);
INSERT INTO TASK_STATUS VALUES (DEFAULT, '已生成', '查看已生成的项目', '101', DEFAULT, DEFAULT, DEFAULT);
INSERT INTO TASK_STATUS VALUES (DEFAULT, '开发中', '查看开发中的项目', '101', DEFAULT, DEFAULT, DEFAULT);
INSERT INTO TASK_STATUS VALUES (DEFAULT, '已结束', '查看已结束的项目', '101', DEFAULT, DEFAULT, DEFAULT);


-- INNER_TYPES
INSERT INTO INNER_TYPES VALUES (DEFAULT, 'Project', 'Project', DEFAULT);
INSERT INTO INNER_TYPES VALUES (DEFAULT, 'PCR', 'PCR', DEFAULT);


-- GROUPS
INSERT INTO GROUPS VALUES (DEFAULT, 'User', 'User', DEFAULT);
INSERT INTO GROUPS VALUES (DEFAULT, 'Manager', 'Manager group', DEFAULT);
INSERT INTO GROUPS VALUES (DEFAULT, 'Senior Manager', 'Senior Manager group', DEFAULT);
INSERT INTO GROUPS VALUES (DEFAULT, 'Finance Officer', 'Finance Officer group', DEFAULT);
INSERT INTO GROUPS VALUES (DEFAULT, 'Admin', 'Admin group', DEFAULT);
INSERT INTO GROUPS VALUES (DEFAULT, 'Human Resource', 'Human Resource group', DEFAULT);
INSERT INTO GROUPS VALUES (DEFAULT, 'Chief Executive Officer', 'Chief Executive Officer froup', DEFAULT);


-- FUNCTIONS
INSERT INTO FUNCTIONS VALUES ('A APPROVED CODE','A VIEW PROJECT LIST','APPROVED CODE','APPROVED CODE','100','*.ACTION',DEFAULT,DEFAULT,DEFAULT);
INSERT INTO FUNCTIONS VALUES ('A GENERATE PROJECT CODE','A VIEW PROJECT LIST','GENERATE PROJECT CODE','GENERATE PROJECT CODE','100','*.ACTION',DEFAULT,DEFAULT,DEFAULT);
INSERT INTO FUNCTIONS VALUES ('A USER MANAGEMENT','ADMIN','USER MANAGEMENT','USER MANAGEMENT','100','*.ACTION',DEFAULT,DEFAULT,DEFAULT);
INSERT INTO FUNCTIONS VALUES ('A VIEW PROJECT LIST','ADMIN','VIEW PROJECT LIST','VIEW PROJECT LIST','100','/TMS/jsp/admin/project_list.jsp',DEFAULT,DEFAULT,DEFAULT);
INSERT INTO FUNCTIONS VALUES ('ADMIN','ROOT','Operation Code and User','ADMIN','100','*.ACTION',DEFAULT,DEFAULT,DEFAULT);
INSERT INTO FUNCTIONS VALUES ('CREATE USER','A USER MANAGEMENT','CREATE USER','CREATE USER','100','/TMS/jsp/admin/admin!adminCreateUser.action',DEFAULT,DEFAULT,DEFAULT);
INSERT INTO FUNCTIONS VALUES ('M ADD SUBCODE','M PROJECT','ADD SUBCODE','ADD SUBCODE','100','/TMS/manager!getManagerGeneratedProjects.action',DEFAULT,DEFAULT,DEFAULT);
INSERT INTO FUNCTIONS VALUES ('M APPROVE USER CLAIM','M USER MANAGEMENT','APPROVE USER CLAIM','APPROVE USER CLAIM','100','TMS/manager!managerInitUserClaimList.action',DEFAULT,DEFAULT,DEFAULT);
INSERT INTO FUNCTIONS VALUES ('M ASSIGN TO USER','M USER MANAGEMENT','ASSIGN TO USER','ASSIGN TO USER','100','/TMS/manager!managerGeneratedProjectstoassign.action',DEFAULT,DEFAULT,DEFAULT);
INSERT INTO FUNCTIONS VALUES ('M CREATE PCR','M PCR','CREATE PCR','CREATE PCR','100','/TMS/html/help.html#create_pcr',DEFAULT,DEFAULT,DEFAULT);
INSERT INTO FUNCTIONS VALUES ('M CREATE PROJECT','M PROJECT','CREATE PROJECT','CREATE PROJECT','100','/TMS/jsp/manager/create.jsp',DEFAULT,DEFAULT,DEFAULT);
INSERT INTO FUNCTIONS VALUES ('M PCR','MANAGER','PCR','PCR','100','/TMS/jsp/manager/PCR/pcr_list.jsp',DEFAULT,DEFAULT,DEFAULT);
INSERT INTO FUNCTIONS VALUES ('M PROJECT','MANAGER','PROJECT','PROJECT','100','/TMS/jsp/manager/project_list.jsp',DEFAULT,DEFAULT,DEFAULT);
INSERT INTO FUNCTIONS VALUES ('M REVIEW USER','M USER MANAGEMENT','REVIEW USER','REVIEW USER','100','/TMS/manager!getfinishedProjectstoreview.action',DEFAULT,DEFAULT,DEFAULT);
INSERT INTO FUNCTIONS VALUES ('M USER MANAGEMENT','MANAGER','USER MANAGEMENT','USER MANAGEMENT','100','/TMS/jsp/manager/user_claim_list.jsp',DEFAULT,DEFAULT,DEFAULT);
INSERT INTO FUNCTIONS VALUES ('M VIEW PCR LIST','M PCR','VIEW PCR LIST','VIEW PCR LIST','100','/TMS/jsp/manager/PCR/pcr_list.jsp',DEFAULT,DEFAULT,DEFAULT);
INSERT INTO FUNCTIONS VALUES ('M VIEW PROJECT LIST','M PROJECT','VIEW PROJECT LIST','VIEW PROJECT LIST','100','/TMS/jsp/manager/project_list.jsp',DEFAULT,DEFAULT,DEFAULT);
INSERT INTO FUNCTIONS VALUES ('M VIEW REVIEW LIST','M USER MANAGEMENT','VIEW REVIEW LIST','VIEW REVIEW LIST','100','/TMS/manager!getUserstoReviewList.action',DEFAULT,DEFAULT,DEFAULT);
INSERT INTO FUNCTIONS VALUES ('MANAGER','ROOT','Management Project and User','MANAGER','100','*.ACTION',DEFAULT,DEFAULT,DEFAULT);
INSERT INTO FUNCTIONS VALUES ('MODIFY USER','A USER MANAGEMENT','MODIFY USER','MODIFY USER','100','*.ACTION',DEFAULT,DEFAULT,DEFAULT);
INSERT INTO FUNCTIONS VALUES ('ROOT','ROOT','ROOT','ROOT','100','*.ACTION',DEFAULT,DEFAULT,DEFAULT);
INSERT INTO FUNCTIONS VALUES ('S PCR','SENIOR MANAGER','PCR','PCR','100','*.ACTION',DEFAULT,DEFAULT,DEFAULT);
INSERT INTO FUNCTIONS VALUES ('S PROJECT','SENIOR MANAGER','PROJECT','PROJECT','100','*.ACTION',DEFAULT,DEFAULT,DEFAULT);
INSERT INTO FUNCTIONS VALUES ('S VIEW PCR LIST','S PCR','VIEW PCR LIST','VIEW PCR LIST','100','/TMS/jsp/senior manager/PCR/PCR_list.jsp',DEFAULT,DEFAULT,DEFAULT);
INSERT INTO FUNCTIONS VALUES ('S VIEW PROJECT LIST','S PROJECT','VIEW PROJECT LIST','VIEW PROJECT LIST','100','/TMS/jsp/senior manager/Approved.jsp',DEFAULT,DEFAULT,DEFAULT);
INSERT INTO FUNCTIONS VALUES ('SENIOR MANAGER','ROOT','Approval Project','SENIOR MANAGER','100','*.ACTION',DEFAULT,DEFAULT,DEFAULT);
INSERT INTO FUNCTIONS VALUES ('U CLAIM HOUR','USER','CLAIM HOUR','CLAIM HOUR','100','*.ACTION',DEFAULT,DEFAULT,DEFAULT);
INSERT INTO FUNCTIONS VALUES ('U VIEW TIME REPORT','USER','VIEW TIME REPORT','VIEW TIME REPORT','100','user!viewAllProject',DEFAULT,DEFAULT,DEFAULT);
INSERT INTO FUNCTIONS VALUES ('USER','ROOT','Operation Hours','USER','100','*.ACTION',DEFAULT,DEFAULT,DEFAULT);







-- FUNCTION_PERMISSION
INSERT INTO FUNCTION_PERMISSION VALUES (DEFAULT,'MANAGER',1001,'Y','2011-08-01',NULL,'2011-08-23 07:58:09');
INSERT INTO FUNCTION_PERMISSION VALUES (DEFAULT,'M APPROVE USER CLAIM',1001,'Y','2011-08-01',NULL,'2011-08-23 07:58:09');
INSERT INTO FUNCTION_PERMISSION VALUES (DEFAULT,'M REVIEW USER',1001,'Y','2011-08-01',NULL,'2011-08-23 07:58:09');
INSERT INTO FUNCTION_PERMISSION VALUES (DEFAULT,'SENIOR MANAGER',1002,'Y','2011-08-01',NULL,'2011-08-23 07:58:09');
INSERT INTO FUNCTION_PERMISSION VALUES (DEFAULT,'S PROJECT',1002,'Y',DEFAULT,DEFAULT,DEFAULT);
INSERT INTO FUNCTION_PERMISSION VALUES (DEFAULT,'S PCR',1002,'Y',DEFAULT,DEFAULT,DEFAULT);
INSERT INTO FUNCTION_PERMISSION VALUES (DEFAULT,'S VIEW PROJECT LIST',1002,'Y',DEFAULT,DEFAULT,DEFAULT);
INSERT INTO FUNCTION_PERMISSION VALUES (DEFAULT,'S VIEW PCR LIST',1002,'Y',DEFAULT,DEFAULT,DEFAULT);
INSERT INTO FUNCTION_PERMISSION VALUES (DEFAULT,'USER',1000,'Y',DEFAULT,DEFAULT,DEFAULT);
INSERT INTO FUNCTION_PERMISSION VALUES (DEFAULT,'U CLAIM HOUR',1000,'Y',DEFAULT,DEFAULT,DEFAULT);
INSERT INTO FUNCTION_PERMISSION VALUES (DEFAULT,'U VIEW TIME REPORT',1000,'Y',DEFAULT,DEFAULT,DEFAULT);
INSERT INTO FUNCTION_PERMISSION VALUES (DEFAULT,'M PROJECT',1001,'Y',DEFAULT,DEFAULT,DEFAULT);
INSERT INTO FUNCTION_PERMISSION VALUES (DEFAULT,'ADMIN',1004,'Y',DEFAULT,DEFAULT,DEFAULT);
INSERT INTO FUNCTION_PERMISSION VALUES (DEFAULT,'A VIEW PROJECT LIST',1004,'Y',DEFAULT,DEFAULT,DEFAULT);
INSERT INTO FUNCTION_PERMISSION VALUES (DEFAULT,'A USER MANAGEMENT',1004,'Y',DEFAULT,DEFAULT,DEFAULT);
INSERT INTO FUNCTION_PERMISSION VALUES (DEFAULT,'CREATE USER',1004,'Y',DEFAULT,DEFAULT,DEFAULT);
INSERT INTO FUNCTION_PERMISSION VALUES (DEFAULT,'MODIFY USER',1004,'Y',DEFAULT,DEFAULT,DEFAULT);
INSERT INTO FUNCTION_PERMISSION VALUES (DEFAULT,'M ADD SUBCODE',1001,'Y',DEFAULT,DEFAULT,DEFAULT);
INSERT INTO FUNCTION_PERMISSION VALUES (DEFAULT,'M VIEW REVIEW LIST',1001,'Y',DEFAULT,DEFAULT,DEFAULT);
INSERT INTO FUNCTION_PERMISSION VALUES (DEFAULT,'M PCR',1001,'Y',DEFAULT,DEFAULT,DEFAULT);
INSERT INTO FUNCTION_PERMISSION VALUES (DEFAULT,'M USER MANAGEMENT',1001,'Y',DEFAULT,DEFAULT,DEFAULT);
INSERT INTO FUNCTION_PERMISSION VALUES (DEFAULT,'M VIEW PROJECT LIST',1001,'Y',DEFAULT,DEFAULT,DEFAULT);
INSERT INTO FUNCTION_PERMISSION VALUES (DEFAULT,'M CREATE PROJECT',1001,'Y',DEFAULT,DEFAULT,DEFAULT);
INSERT INTO FUNCTION_PERMISSION VALUES (DEFAULT,'M VIEW PCR LIST',1001,'Y',DEFAULT,DEFAULT,DEFAULT);
INSERT INTO FUNCTION_PERMISSION VALUES (DEFAULT,'M CREATE PCR',1001,'Y',DEFAULT,DEFAULT,DEFAULT);
INSERT INTO FUNCTION_PERMISSION VALUES (DEFAULT,'M ASSIGN TO USER',1001,'Y',DEFAULT,DEFAULT,DEFAULT);







-- USERS
insert INTO USERS VALUES ('1', 'User_one', DEFAULT, '123456', DEFAULT, DEFAULT, DEFAULT);
insert INTO USERS VALUES ('2', 'User_two', DEFAULT, '123456', DEFAULT, DEFAULT, DEFAULT);
insert INTO USERS VALUES ('3', 'User_three', DEFAULT, '123456', DEFAULT, DEFAULT, DEFAULT);
insert INTO USERS VALUES ('4', 'Manager_one', DEFAULT, '123456', DEFAULT, DEFAULT, DEFAULT);
insert INTO USERS VALUES ('5', 'Manager_two', DEFAULT, '123456', DEFAULT, DEFAULT, DEFAULT);
insert INTO USERS VALUES ('6', 'Manager_three', DEFAULT, '123456', DEFAULT, DEFAULT, DEFAULT);
insert INTO USERS VALUES ('7', 'Senior_one', DEFAULT, '123456', DEFAULT, DEFAULT, DEFAULT);
insert INTO USERS VALUES ('8', 'Senior_two', DEFAULT, '123456', DEFAULT, DEFAULT, DEFAULT);
insert INTO USERS VALUES ('9', 'Senior_three', DEFAULT, '123456', DEFAULT, DEFAULT, DEFAULT);
insert INTO USERS VALUES ('10', 'Financer_one', DEFAULT, '123456', DEFAULT, DEFAULT, DEFAULT);
insert INTO USERS VALUES ('11', 'Financer_two', DEFAULT, '123456', DEFAULT, DEFAULT, DEFAULT);
insert INTO USERS VALUES ('12', 'Financer_three', DEFAULT, '123456', DEFAULT, DEFAULT, DEFAULT);
insert INTO USERS VALUES ('13', 'Admin_one', DEFAULT, '123456', DEFAULT, DEFAULT, DEFAULT);
insert INTO USERS VALUES ('14', 'Admin_two', DEFAULT, '123456', DEFAULT, DEFAULT, DEFAULT);
insert INTO USERS VALUES ('15', 'Admin_three', DEFAULT, '123456', DEFAULT, DEFAULT, DEFAULT);

insert INTO USERS VALUES ('16', 'HR', DEFAULT, '123456', DEFAULT, DEFAULT, DEFAULT);
insert INTO USERS VALUES ('17', 'CEO', DEFAULT, '123456', DEFAULT, DEFAULT, DEFAULT);


-- USER_GROUP_REL

INSERT INTO USER_GROUP_REL VALUES (DEFAULT, '1', '1000', DEFAULT, DEFAULT, DEFAULT);
INSERT INTO USER_GROUP_REL VALUES (DEFAULT, '2', '1000', DEFAULT, DEFAULT, DEFAULT);
INSERT INTO USER_GROUP_REL VALUES (DEFAULT, '3', '1000', DEFAULT, DEFAULT, DEFAULT);

INSERT INTO USER_GROUP_REL VALUES (DEFAULT, '4', '1001', DEFAULT, DEFAULT, DEFAULT);
INSERT INTO USER_GROUP_REL VALUES (DEFAULT, '5', '1001', DEFAULT, DEFAULT, DEFAULT);
INSERT INTO USER_GROUP_REL VALUES (DEFAULT, '6', '1001', DEFAULT, DEFAULT, DEFAULT);

INSERT INTO USER_GROUP_REL VALUES (DEFAULT, '7', '1002', DEFAULT, DEFAULT, DEFAULT);
INSERT INTO USER_GROUP_REL VALUES (DEFAULT, '8', '1002', DEFAULT, DEFAULT, DEFAULT);
INSERT INTO USER_GROUP_REL VALUES (DEFAULT, '9', '1002', DEFAULT, DEFAULT, DEFAULT);

INSERT INTO USER_GROUP_REL VALUES (DEFAULT, '10', '1003', DEFAULT, DEFAULT, DEFAULT);
INSERT INTO USER_GROUP_REL VALUES (DEFAULT, '11', '1003', DEFAULT, DEFAULT, DEFAULT);
INSERT INTO USER_GROUP_REL VALUES (DEFAULT, '12', '1003', DEFAULT, DEFAULT, DEFAULT);

INSERT INTO USER_GROUP_REL VALUES (DEFAULT, '13', '1004', DEFAULT, DEFAULT, DEFAULT);
INSERT INTO USER_GROUP_REL VALUES (DEFAULT, '14', '1004', DEFAULT, DEFAULT, DEFAULT);
INSERT INTO USER_GROUP_REL VALUES (DEFAULT, '15', '1004', DEFAULT, DEFAULT, DEFAULT);

INSERT INTO USER_GROUP_REL VALUES (DEFAULT, '16', '1005', DEFAULT, DEFAULT, DEFAULT);

INSERT INTO USER_GROUP_REL VALUES (DEFAULT, '17', '1006', DEFAULT, DEFAULT, DEFAULT);


-- REL_TYPE
INSERT INTO REL_TYPE VALUES (DEFAULT, 'HR', 'Human Resource', DEFAULT, DEFAULT, DEFAULT);
INSERT INTO REL_TYPE VALUES (DEFAULT, 'Manager', 'Manager and Senior Manager', DEFAULT, DEFAULT, DEFAULT);


-- USER_REL
INSERT INTO USER_REL VALUES (DEFAULT, '4', '7', '1001', DEFAULT, DEFAULT, DEFAULT);
INSERT INTO USER_REL VALUES (DEFAULT, '5', '8', '1001', DEFAULT, DEFAULT, DEFAULT);
INSERT INTO USER_REL VALUES (DEFAULT, '6', '9', '1001', DEFAULT, DEFAULT, DEFAULT);

INSERT INTO USER_REL VALUES (DEFAULT, '1', '16', '1000', DEFAULT, DEFAULT, DEFAULT);
INSERT INTO USER_REL VALUES (DEFAULT, '2', '16', '1000', DEFAULT, DEFAULT, DEFAULT);
INSERT INTO USER_REL VALUES (DEFAULT, '3', '16', '1000', DEFAULT, DEFAULT, DEFAULT);


-- COMMON_CODE

INSERT INTO COMMON_CODES VALUES (DEFAULT, 'Holiday', 'Holiday', DEFAULT, DEFAULT, DEFAULT);
INSERT INTO COMMON_CODES VALUES (DEFAULT, 'Illness', 'Illness', DEFAULT, DEFAULT, DEFAULT);
INSERT INTO COMMON_CODES VALUES (DEFAULT, 'Vacation', 'Vacation', DEFAULT, DEFAULT, DEFAULT);




-- COMMON_CODE_USER_REL
INSERT INTO COMMON_CODE_USER_REL VALUES (DEFAULT, '1', '1', '40', '2011', DEFAULT, DEFAULT, DEFAULT);
INSERT INTO COMMON_CODE_USER_REL VALUES (DEFAULT, '2', '1', '40', '2011', DEFAULT, DEFAULT, DEFAULT);
INSERT INTO COMMON_CODE_USER_REL VALUES (DEFAULT, '3', '1', '40', '2011', DEFAULT, DEFAULT, DEFAULT);

INSERT INTO COMMON_CODE_USER_REL VALUES (DEFAULT, '1', '2', '40', '2011', DEFAULT, DEFAULT, DEFAULT);
INSERT INTO COMMON_CODE_USER_REL VALUES (DEFAULT, '2', '2', '40', '2011', DEFAULT, DEFAULT, DEFAULT);
INSERT INTO COMMON_CODE_USER_REL VALUES (DEFAULT, '3', '2', '40', '2011', DEFAULT, DEFAULT, DEFAULT);

INSERT INTO COMMON_CODE_USER_REL VALUES (DEFAULT, '1', '3', '40', '2011', DEFAULT, DEFAULT, DEFAULT);
INSERT INTO COMMON_CODE_USER_REL VALUES (DEFAULT, '2', '3', '40', '2011', DEFAULT, DEFAULT, DEFAULT);
INSERT INTO COMMON_CODE_USER_REL VALUES (DEFAULT, '3', '3', '40', '2011', DEFAULT, DEFAULT, DEFAULT);


-- PROJECT

-- INVOICE

-- CUSTOMER
INSERT INTO CUSTOMERS VALUES (DEFAULT, 'Customer_one', DEFAULT);
INSERT INTO CUSTOMERS VALUES (DEFAULT, 'Customer_two', DEFAULT);
INSERT INTO CUSTOMERS VALUES (DEFAULT, 'Customer_three', DEFAULT);


-- CHARGE_CODE
INSERT INTO CHARGE_CODES VALUES (DEFAULT, 'Architect', 'Architect', DEFAULT, DEFAULT, DEFAULT);
INSERT INTO CHARGE_CODES VALUES (DEFAULT, 'Web Developer', 'Web Developer', DEFAULT, DEFAULT, DEFAULT);
INSERT INTO CHARGE_CODES VALUES (DEFAULT, 'Programmer', 'Programmer', DEFAULT, DEFAULT, DEFAULT);
INSERT INTO CHARGE_CODES VALUES (DEFAULT, 'Project Manager', 'Project Manager', DEFAULT, DEFAULT, DEFAULT);


-- PROJECT_CHARGE_RATE
-- INSERT INTO PROJECT_CHARGE_RATE VALUES ('1', '0', '1', '20', NOW(), DEFAULT, NOW());
-- INSERT INTO PROJECT_CHARGE_RATE VALUES ('2', '0', '2', '12', NOW(), DEFAULT, NOW());
-- INSERT INTO PROJECT_CHARGE_RATE VALUES ('3', '0', '3', '12', NOW(), DEFAULT, NOW());
-- INSERT INTO PROJECT_CHARGE_RATE VALUES ('4', '0', '4', '17', NOW(), DEFAULT, NOW());


-- PROJECT_USERS
-- INSERT INTO PROJECT_USERS VALUES ('1', '0', '2', '1', NOW(), DEFAULT, NOW());
-- INSERT INTO PROJECT_USERS VALUES ('2', '0', '3', '2', NOW(), DEFAULT, NOW());


-- USER_CLAIM_HOUR
-- INSERT INTO USER_CLAIM_HOUR VALUES ('0', '0', '4', '1', '0', 'USER CLAIM 0 HOURS', NOW(), '2', '6', '', NOW());